name,source_group,source,notes
blue rose crown,Villagers,All villagers,
blue rose wreath,Villagers,All villagers,
chic cosmos wreath,Villagers,All villagers,
chic mum crown,Villagers,All villagers,
chic rose crown,Villagers,All villagers,
chic tulip crown,Villagers,All villagers,
chic windflower wreath,Villagers,All villagers,
cool hyacinth crown,Villagers,All villagers,
cool hyacinth wreath,Villagers,All villagers,
cool pansy crown,Villagers,All villagers,
cool pansy wreath,Villagers,All villagers,
cool windflower crown,Villagers,All villagers,
cool windflower wreath,Villagers,All villagers,
cosmos crown,Villagers,All villagers,
cosmos wreath,Villagers,All villagers,
cute lily crown,Villagers,All villagers,
cute rose crown,Villagers,All villagers,
dark cosmos crown,Villagers,All villagers,
dark lily crown,Villagers,All villagers,
dark lily wreath,Villagers,All villagers,
dark rose wreath,Villagers,All villagers,
dark tulip crown,Villagers,All villagers,
dark tulip wreath,Villagers,All villagers,
fancy lily wreath,Villagers,All villagers,
fancy mum wreath,Villagers,All villagers,
fancy rose wreath,Villagers,All villagers,
gold rose crown,Villagers,All villagers,
gold rose wreath,Villagers,All villagers,
hyacinth crown,Villagers,All villagers,
hyacinth wreath,Villagers,All villagers,
lily crown,Villagers,All villagers,
lily wreath,Villagers,All villagers,
lovely cosmos crown,Villagers,All villagers,
medicine,Villagers,All villagers,
mum crown,Villagers,All villagers,
mum wreath,Villagers,All villagers,
natural mum wreath,Villagers,All villagers,
pansy crown,Villagers,All villagers,
pansy wreath,Villagers,All villagers,
pretty cosmos wreath,Villagers,All villagers,
pretty tulip wreath,Villagers,All villagers,
purple hyacinth crown,Villagers,All villagers,
purple hyacinth wreath,Villagers,All villagers,
purple pansy crown,Villagers,All villagers,
purple windflower crown,Villagers,All villagers,
rose crown,Villagers,All villagers,
rose wreath,Villagers,All villagers,
simple mum crown,Villagers,All villagers,
snazzy pansy wreath,Villagers,All villagers,
tulip crown,Villagers,All villagers,
tulip wreath,Villagers,All villagers,
windflower crown,Villagers,All villagers,
windflower wreath,Villagers,All villagers,
apple chair,Villagers,Big Sister villagers,
apple dress,Villagers,Big Sister villagers,
apple hat,Villagers,Big Sister villagers,
apple rug,Villagers,Big Sister villagers,
apple umbrella,Villagers,Big Sister villagers,
apple wall,Villagers,Big Sister villagers,
birdcage,Villagers,Big Sister villagers,
brown herringbone wall,Villagers,Big Sister villagers,
dark wooden-mosaic wall,Villagers,Big Sister villagers,
DIY workbench,Villagers,Big Sister villagers,
flower stand,Villagers,Big Sister villagers,
hyacinth lamp,Villagers,Big Sister villagers,
iron closet,Villagers,Big Sister villagers,
iron doorplate,Villagers,Big Sister villagers,
iron garden bench,Villagers,Big Sister villagers,
iron garden chair,Villagers,Big Sister villagers,
iron garden table,Villagers,Big Sister villagers,
iron shelf,Villagers,Big Sister villagers,
iron worktable,Villagers,Big Sister villagers,
juicy-apple TV,Villagers,Big Sister villagers,
key holder,Villagers,Big Sister villagers,
leaf umbrella,Villagers,Big Sister villagers,
shell lamp,Villagers,Big Sister villagers,
shell partition,Villagers,Big Sister villagers,
shell speaker,Villagers,Big Sister villagers,
shell stool,Villagers,Big Sister villagers,
street piano,Villagers,Big Sister villagers,
tree branch wreath,Villagers,Big Sister villagers,
wooden mini table,Villagers,Big Sister villagers,
wooden table mirror,Villagers,Big Sister villagers,
wooden table,Villagers,Big Sister villagers,
wooden waste bin,Villagers,Big Sister villagers,
wooden-block bench,Villagers,Big Sister villagers,
wooden-block table,Villagers,Big Sister villagers,
armor shoes,Villagers,Cranky villagers,
bamboo flooring,Villagers,Cranky villagers,
bamboo hat,Villagers,Cranky villagers,
bamboo partition,Villagers,Cranky villagers,
bamboo wall,Villagers,Cranky villagers,
barrel,Villagers,Cranky villagers,
bonfire,Villagers,Cranky villagers,
bonsai shelf,Villagers,Cranky villagers,
clothesline,Villagers,Cranky villagers,
dark bamboo rug,Villagers,Cranky villagers,
deer scare,Villagers,Cranky villagers,
fruit basket,Villagers,Cranky villagers,
fruit wreath,Villagers,Cranky villagers,
gong,Villagers,Cranky villagers,
infused-water dispenser,Villagers,Cranky villagers,
iron armor,Villagers,Cranky villagers,
iron hanger stand,Villagers,Cranky villagers,
ironwood DIY workbench,Villagers,Cranky villagers,
ironwood table,Villagers,Cranky villagers,
jail bars,Villagers,Cranky villagers,
kettle bathtub,Villagers,Cranky villagers,
knight's helmet,Villagers,Cranky villagers,
lily record player,Villagers,Cranky villagers,
log dining table,Villagers,Cranky villagers,
modeling clay,Villagers,Cranky villagers,
pile of zen cushions,Villagers,Cranky villagers,
pot,Villagers,Cranky villagers,
raccoon figurine,Villagers,Cranky villagers,
scarecrow,Villagers,Cranky villagers,
sleigh,Villagers,Cranky villagers,
standard umbrella stand,Villagers,Cranky villagers,
tea table,Villagers,Cranky villagers,
tiki torch,Villagers,Cranky villagers,
wild-wood wall,Villagers,Cranky villagers,
wooden-plank sign,Villagers,Cranky villagers,
bamboo drum,Villagers,Jock villagers,
bamboo stopblock,Villagers,Jock villagers,
bamboo wall decoration,Villagers,Jock villagers,
barbell,Villagers,Jock villagers,
beekeeper's hive,Villagers,Jock villagers,
doghouse,Villagers,Jock villagers,
firewood,Villagers,Jock villagers,
fossil doorplate,Villagers,Jock villagers,
honeycomb flooring,Villagers,Jock villagers,
honeycomb wall,Villagers,Jock villagers,
iron frame,Villagers,Jock villagers,
jungle flooring,Villagers,Jock villagers,
jungle wall,Villagers,Jock villagers,
kettlebell,Villagers,Jock villagers,
leaf,Villagers,Jock villagers,
log pack,Villagers,Jock villagers,
mountain standee,Villagers,Jock villagers,
oil-barrel bathtub,Villagers,Jock villagers,
pear bed,Villagers,Jock villagers,
pear dress,Villagers,Jock villagers,
pear hat,Villagers,Jock villagers,
pear rug,Villagers,Jock villagers,
pear umbrella,Villagers,Jock villagers,
pear wall,Villagers,Jock villagers,
pear wardrobe,Villagers,Jock villagers,
pitfall seed,Villagers,Jock villagers,
plain wooden shop sign,Villagers,Jock villagers,
sandy-beach flooring,Villagers,Jock villagers,
simple DIY workbench,Villagers,Jock villagers,
stacked-wood wall,Villagers,Jock villagers,
tree standee,Villagers,Jock villagers,
trophy case,Villagers,Jock villagers,
tulip surprise box,Villagers,Jock villagers,
wild log bench,Villagers,Jock villagers,
angled signpost,Villagers,Lazy villagers,
bone doorplate,Villagers,Lazy villagers,
boomerang,Villagers,Lazy villagers,
cardboard bed,Villagers,Lazy villagers,
cardboard chair,Villagers,Lazy villagers,
clackercart,Villagers,Lazy villagers,
deer decoration,Villagers,Lazy villagers,
garden rock,Villagers,Lazy villagers,
golden arowana model,Villagers,Lazy villagers,
golden dung beetle,Villagers,Lazy villagers,
large cardboard boxes,Villagers,Lazy villagers,
log wall-mounted clock,Villagers,Lazy villagers,
matryoshka,Villagers,Lazy villagers,
medium cardboard boxes,Villagers,Lazy villagers,
mossy garden rock,Villagers,Lazy villagers,
music stand,Villagers,Lazy villagers,
orange dress,Villagers,Lazy villagers,
orange end table,Villagers,Lazy villagers,
orange hat,Villagers,Lazy villagers,
orange rug,Villagers,Lazy villagers,
orange umbrella,Villagers,Lazy villagers,
orange wall,Villagers,Lazy villagers,
orange wall-mounted clock,Villagers,Lazy villagers,
sauna heater,Villagers,Lazy villagers,
shell arch,Villagers,Lazy villagers,
shell fountain,Villagers,Lazy villagers,
signpost,Villagers,Lazy villagers,
stack of books,Villagers,Lazy villagers,
stone table,Villagers,Lazy villagers,
water pump,Villagers,Lazy villagers,
windflower fan,Villagers,Lazy villagers,
wooden bookshelf,Villagers,Lazy villagers,
wooden chest,Villagers,Lazy villagers,
wooden simple bed,Villagers,Lazy villagers,
zen-style stone,Villagers,Lazy villagers,
bamboo bench,Villagers,Normal villagers,
bamboo floor lamp,Villagers,Normal villagers,
bamboo sphere,Villagers,Normal villagers,
classic-library wall,Villagers,Normal villagers,
cutting board,Villagers,Normal villagers,
floral swag,Villagers,Normal villagers,
grass skirt,Villagers,Normal villagers,
grass standee,Villagers,Normal villagers,
hedge standee,Villagers,Normal villagers,
knitted-grass backpack,Villagers,Normal villagers,
log bench,Villagers,Normal villagers,
log chair,Villagers,Normal villagers,
log decorative shelves,Villagers,Normal villagers,
log extra-long sofa,Villagers,Normal villagers,
natural garden table,Villagers,Normal villagers,
natural square table,Villagers,Normal villagers,
pansy table,Villagers,Normal villagers,
peach chair,Villagers,Normal villagers,
peach dress,Villagers,Normal villagers,
peach hat,Villagers,Normal villagers,
peach rug,Villagers,Normal villagers,
peach surprise box,Villagers,Normal villagers,
peach umbrella,Villagers,Normal villagers,
peach wall,Villagers,Normal villagers,
rocking horse,Villagers,Normal villagers,
terrarium,Villagers,Normal villagers,
tiny library,Villagers,Normal villagers,
traditional straw coat,Villagers,Normal villagers,
western-style stone,Villagers,Normal villagers,
wooden toolbox,Villagers,Normal villagers,
wooden-block bed,Villagers,Normal villagers,
wooden-block chest,Villagers,Normal villagers,
wooden-mosaic wall,Villagers,Normal villagers,
woodland wall,Villagers,Normal villagers,
backyard lawn,Villagers,Peppy villagers,
birdhouse,Villagers,Peppy villagers,
cabin wall,Villagers,Peppy villagers,
cardboard sofa,Villagers,Peppy villagers,
cardboard table,Villagers,Peppy villagers,
cherry dress,Villagers,Peppy villagers,
cherry hat,Villagers,Peppy villagers,
cherry lamp,Villagers,Peppy villagers,
cherry rug,Villagers,Peppy villagers,
cherry speakers,Villagers,Peppy villagers,
cherry umbrella,Villagers,Peppy villagers,
cherry wall,Villagers,Peppy villagers,
garden wagon,Villagers,Peppy villagers,
giant teddy bear,Villagers,Peppy villagers,
green grass skirt,Villagers,Peppy villagers,
hanging terrarium,Villagers,Peppy villagers,
leaf mask,Villagers,Peppy villagers,
log bed,Villagers,Peppy villagers,
log garden lounge,Villagers,Peppy villagers,
log round table,Villagers,Peppy villagers,
log stool,Villagers,Peppy villagers,
magazine rack,Villagers,Peppy villagers,
manga-library wall,Villagers,Peppy villagers,
mum cushion,Villagers,Peppy villagers,
natural garden chair,Villagers,Peppy villagers,
paw-print doorplate,Villagers,Peppy villagers,
shell bed,Villagers,Peppy villagers,
shell rug,Villagers,Peppy villagers,
shell table,Villagers,Peppy villagers,
small cardboard boxes,Villagers,Peppy villagers,
stacked magazines,Villagers,Peppy villagers,
wooden full-length mirror,Villagers,Peppy villagers,
wooden stool,Villagers,Peppy villagers,
wooden-block stool,Villagers,Peppy villagers,
wooden-block wall clock,Villagers,Peppy villagers,
acoustic guitar,Villagers,Smug villagers,
basement flooring,Villagers,Smug villagers,
chocolate herringbone wall,Villagers,Smug villagers,
crest doorplate,Villagers,Smug villagers,
decoy duck,Villagers,Smug villagers,
document stack,Villagers,Smug villagers,
gold armor,Villagers,Smug villagers,
gold helmet,Villagers,Smug villagers,
gold-armor shoes,Villagers,Smug villagers,
gold-screen wall,Villagers,Smug villagers,
golden candlestick,Villagers,Smug villagers,
golden casket,Villagers,Smug villagers,
golden flooring,Villagers,Smug villagers,
golden gears,Villagers,Smug villagers,
golden wall,Villagers,Smug villagers,
iron wall rack,Villagers,Smug villagers,
ironwood bed,Villagers,Smug villagers,
ironwood cart,Villagers,Smug villagers,
ironwood chair,Villagers,Smug villagers,
ironwood clock,Villagers,Smug villagers,
log stakes,Villagers,Smug villagers,
rose bed,Villagers,Smug villagers,
scattered papers,Villagers,Smug villagers,
steel flooring,Villagers,Smug villagers,
steel-frame wall,Villagers,Smug villagers,
stone lion-dog,Villagers,Smug villagers,
stone wall,Villagers,Smug villagers,
straw umbrella hat,Villagers,Smug villagers,
tall lantern,Villagers,Smug villagers,
ukulele,Villagers,Smug villagers,
wooden bucket,Villagers,Smug villagers,
wooden double bed,Villagers,Smug villagers,
wooden low table,Villagers,Smug villagers,
wooden-knot wall,Villagers,Smug villagers,
aroma pot,Villagers,Snooty villagers,
bamboo basket,Villagers,Snooty villagers,
bamboo candleholder,Villagers,Snooty villagers,
bamboo lunch box,Villagers,Snooty villagers,
bamboo shelf,Villagers,Snooty villagers,
bamboo speaker,Villagers,Snooty villagers,
bamboo stool,Villagers,Snooty villagers,
birdbath,Villagers,Snooty villagers,
butter churn,Villagers,Snooty villagers,
classic pitcher,Villagers,Snooty villagers,
coconut juice,Villagers,Snooty villagers,
coconut wall planter,Villagers,Snooty villagers,
cosmos shower,Villagers,Snooty villagers,
flat garden rock,Villagers,Snooty villagers,
garden bench,Villagers,Snooty villagers,
gold bars,Villagers,Snooty villagers,
golden dishes,Villagers,Snooty villagers,
golden seat,Villagers,Snooty villagers,
golden toilet,Villagers,Snooty villagers,
ironwood cupboard,Villagers,Snooty villagers,
ironwood dresser,Villagers,Snooty villagers,
ironwood low table,Villagers,Snooty villagers,
lucky gold cat,Villagers,Snooty villagers,
modern wood wall,Villagers,Snooty villagers,
money flooring,Villagers,Snooty villagers,
palm-tree lamp,Villagers,Snooty villagers,
pond stone,Villagers,Snooty villagers,
rustic-stone wall,Villagers,Snooty villagers,
tall garden rock,Villagers,Snooty villagers,
timber doorplate,Villagers,Snooty villagers,
unglazed dish set,Villagers,Snooty villagers,
wooden chair,Villagers,Snooty villagers,
wooden end table,Villagers,Snooty villagers,
rainbow feather,Events,Festivale,
Bunny Day arch,Events,Bunny Day,
Bunny Day bag,Events,Bunny Day,
Bunny Day bed,Events,Bunny Day,
Bunny Day crown,Events,Bunny Day,
Bunny Day fence,Events,Bunny Day,
Bunny Day festive balloons,Events,Bunny Day,
Bunny Day flooring,Events,Bunny Day,
Bunny Day glowy garland,Events,Bunny Day,
Bunny Day lamp,Events,Bunny Day,
Bunny Day merry balloons,Events,Bunny Day,
Bunny Day rug,Events,Bunny Day,
Bunny Day stool,Events,Bunny Day,
Bunny Day table,Events,Bunny Day,
Bunny Day vanity,Events,Bunny Day,
Bunny Day wall,Events,Bunny Day,
Bunny Day wall clock,Events,Bunny Day,
Bunny Day wand,Events,Bunny Day,
Bunny Day wardrobe,Events,Bunny Day,
Bunny Day wreath,Events,Bunny Day,
earth-egg outfit,Events,Bunny Day,
earth-egg shell,Events,Bunny Day,
earth-egg shoes,Events,Bunny Day,
egg party dress,Events,Bunny Day,
egg party hat,Events,Bunny Day,
leaf-egg outfit,Events,Bunny Day,
leaf-egg shell,Events,Bunny Day,
leaf-egg shoes,Events,Bunny Day,
sky-egg outfit,Events,Bunny Day,
sky-egg shell,Events,Bunny Day,
sky-egg shoes,Events,Bunny Day,
stone-egg outfit,Events,Bunny Day,
stone-egg shell,Events,Bunny Day,
stone-egg shoes,Events,Bunny Day,
water-egg outfit,Events,Bunny Day,
water-egg shell,Events,Bunny Day,
water-egg shoes,Events,Bunny Day,
wobbling Zipper toy,Events,Bunny Day,
wood-egg outfit,Events,Bunny Day,
wood-egg shell,Events,Bunny Day,
wood-egg shoes,Events,Bunny Day,
hedge,Events,Nature Day,
wedding fence,Events,Wedding Season,
wedding wand,Events,Wedding Season,
spooky garland,Events,Halloween,
spooky table setting,Events,Halloween,
spooky arch,Events,Halloween,
spooky candy set,Events,Halloween,
spooky carriage,Events,Halloween,
spooky chair,Events,Halloween,
spooky fence,Events,Halloween,
spooky lantern set,Events,Halloween,
spooky lantern,Events,Halloween,
spooky scarecrow,Events,Halloween,
spooky standing lamp,Events,Halloween,
spooky table,Events,Halloween,
spooky tower,Events,Halloween,
spooky wand,Events,Halloween,
Turkey Day casserole,Events,Turkey Day,
Turkey Day chair,Events,Turkey Day,
Turkey Day decorations,Events,Turkey Day,
Turkey Day garden stand,Events,Turkey Day,
Turkey Day hearth,Events,Turkey Day,
Turkey Day table setting,Events,Turkey Day,
Turkey Day table,Events,Turkey Day,
Turkey Day wheat decor,Events,Turkey Day,
festive wrapping paper,Events,Toy Day,
gift pile,Events,Toy Day,
bamboo doll,Balloons,Young spring bamboo,
bamboo noodle slide,Balloons,Young spring bamboo,
bamboo wand,Balloons,Young spring bamboo,
bamboo-grove wall,Balloons,Young spring bamboo,
bamboo-shoot lamp,Balloons,Young spring bamboo,
basket pack,Balloons,Young spring bamboo,
green-leaf pile,Balloons,Young spring bamboo,
light bamboo rug,Balloons,Young spring bamboo,
pan flute,Balloons,Young spring bamboo,
steamer-basket set,Balloons,Young spring bamboo,
shamrock wand,Balloons,Shamrock Day,
blossom-viewing lantern,Balloons,Cherry-blossom petals,
cherry-blossom bonsai,Balloons,Cherry-blossom petals,
cherry-blossom branches,Balloons,Cherry-blossom petals,
cherry-blossom clock,Balloons,Cherry-blossom petals,
cherry-blossom flooring,Balloons,Cherry-blossom petals,
cherry-blossom pochette,Balloons,Cherry-blossom petals,
cherry-blossom pond stone,Balloons,Cherry-blossom petals,
cherry-blossom umbrella,Balloons,Cherry-blossom petals,
cherry-blossom wand,Balloons,Cherry-blossom petals,
cherry-blossom-petal pile,Balloons,Cherry-blossom petals,
cherry-blossom-trees wall,Balloons,Cherry-blossom petals,
outdoor picnic set,Balloons,Cherry-blossom petals,
sakura-wood flooring,Balloons,Cherry-blossom petals,
sakura-wood wall,Balloons,Cherry-blossom petals,
shell wand,Balloons,Summer shells,
shell wreath,Balloons,Summer shells,
shellfish pochette,Balloons,Summer shells,
starry-sands flooring,Balloons,Summer shells,
summer-shell rug,Balloons,Summer shells,
tropical vista,Balloons,Summer shells,
underwater flooring,Balloons,Summer shells,
underwater wall,Balloons,Summer shells,
water flooring,Balloons,Summer shells,
acorn pochette,Balloons,Acorns and pine cones,
leaf campfire,Balloons,Acorns and pine cones,
pile of leaves,Balloons,Acorns and pine cones,
pine bonsai tree,Balloons,Acorns and pine cones,
traditional balancing toy,Balloons,Acorns and pine cones,
tree's bounty lamp,Balloons,Acorns and pine cones,
tree's bounty little tree,Balloons,Acorns and pine cones,
tree's bounty mobile,Balloons,Acorns and pine cones,
yellow-leaf pile,Balloons,Acorns and pine cones,
forest flooring,Balloons,Mushrooms,
forest wall,Balloons,Mushrooms,
mush lamp,Balloons,Mushrooms,
mush log,Balloons,Mushrooms,
mush low stool,Balloons,Mushrooms,
mush parasol,Balloons,Mushrooms,
mush partition,Balloons,Mushrooms,
mush table,Balloons,Mushrooms,
mush umbrella,Balloons,Mushrooms,
mush wall,Balloons,Mushrooms,
mushroom wand,Balloons,Mushrooms,
mushroom wreath,Balloons,Mushrooms,
autumn wall,Balloons,Maple leaves,
colored-leaves flooring,Balloons,Maple leaves,
leaf stool,Balloons,Maple leaves,
maple-leaf pochette,Balloons,Maple leaves,
maple-leaf pond stone,Balloons,Maple leaves,
maple-leaf umbrella,Balloons,Maple leaves,
red-leaf pile,Balloons,Maple leaves,
tree's bounty arch,Balloons,Maple leaves,
tree's bounty big tree,Balloons,Maple leaves,
falling-snow wall,Balloons,Snowflakes,
iceberg flooring,Balloons,Snowflakes,
iceberg wall,Balloons,Snowflakes,
ski-slope flooring,Balloons,Snowflakes,
ski-slope wall,Balloons,Snowflakes,
snowflake pochette,Balloons,Snowflakes,
snowflake wall,Balloons,Snowflakes,
snowflake wreath,Balloons,Snowflakes,
big festive tree,Balloons,Ornaments,
festive rug,Balloons,Ornaments,
festive top set,Balloons,Ornaments,
festive tree,Balloons,Ornaments,
holiday candle,Balloons,Ornaments,
illuminated present,Balloons,Ornaments,
illuminated reindeer,Balloons,Ornaments,
illuminated snowflakes,Balloons,Ornaments,
illuminated tree,Balloons,Ornaments,
Jingle wall,Balloons,Ornaments,
ornament mobile,Balloons,Ornaments,
ornament wreath,Balloons,Ornaments,
tabletop festive tree,Balloons,Ornaments,
slingshot,Purchasable,Nook's Cranny,
frying pan,Purchasable,Nook's Cranny,DIY for Beginners
hay bed,Purchasable,Nook's Cranny,DIY for Beginners
ocarina,Purchasable,Nook's Cranny,DIY for Beginners
old-fashioned washtub,Purchasable,Nook's Cranny,DIY for Beginners
stone stool,Purchasable,Nook's Cranny,DIY for Beginners
wooden-block toy,Purchasable,Nook's Cranny,DIY for Beginners
mini DIY workbench,Purchasable,Nook's Cranny,Test Your DIY Skills
potted ivy,Purchasable,Nook's Cranny,Test Your DIY Skills
ringtoss,Purchasable,Nook's Cranny,Test Your DIY Skills
rocking chair,Purchasable,Nook's Cranny,Test Your DIY Skills
swinging bench,Purchasable,Nook's Cranny,Test Your DIY Skills
wooden-block bookshelf,Purchasable,Nook's Cranny,Test Your DIY Skills
wooden-block chair,Purchasable,Nook's Cranny,Test Your DIY Skills
wooden-block stereo,Purchasable,Nook's Cranny,Test Your DIY Skills
brick oven,Purchasable,Nook's Cranny,Wildest Dreams DIY
hearth,Purchasable,Nook's Cranny,Wildest Dreams DIY
iron wall lamp,Purchasable,Nook's Cranny,Wildest Dreams DIY
ironwood kitchenette,Purchasable,Nook's Cranny,Wildest Dreams DIY
plain sink,Purchasable,Nook's Cranny,Wildest Dreams DIY
wooden fish,Purchasable,Nook's Cranny,Wildest Dreams DIY
bamboo lattice fence,Purchasable,Nook Miles Redemption,
barbed-wire fence,Purchasable,Nook Miles Redemption,
brick fence,Purchasable,Nook Miles Redemption,
brick well,Purchasable,Nook Miles Redemption,
corral fence,Purchasable,Nook Miles Redemption,
country fence,Purchasable,Nook Miles Redemption,
destinations signpost,Purchasable,Nook Miles Redemption,
drinking fountain,Purchasable,Nook Miles Redemption,
fountain,Purchasable,Nook Miles Redemption,
imperial fence,Purchasable,Nook Miles Redemption,
iron fence,Purchasable,Nook Miles Redemption,
iron-and-stone fence,Purchasable,Nook Miles Redemption,
lattice fence,Purchasable,Nook Miles Redemption,
manhole cover,Purchasable,Nook Miles Redemption,
outdoor bath,Purchasable,Nook Miles Redemption,
robot hero,Purchasable,Nook Miles Redemption,
rope fence,Purchasable,Nook Miles Redemption,
silo,Purchasable,Nook Miles Redemption,
simple well,Purchasable,Nook Miles Redemption,
simple wooden fence,Purchasable,Nook Miles Redemption,
spiky fence,Purchasable,Nook Miles Redemption,
stall,Purchasable,Nook Miles Redemption,
stone arch,Purchasable,Nook Miles Redemption,
stone fence,Purchasable,Nook Miles Redemption,
stone tablet,Purchasable,Nook Miles Redemption,
straw fence,Purchasable,Nook Miles Redemption,
vertical-board fence,Purchasable,Nook Miles Redemption,
wave breaker,Purchasable,Nook Miles Redemption,
zen fence,Purchasable,Nook Miles Redemption,
axe,Purchasable,Nook Miles Redemption,Pretty Good Tools Recipes
fishing rod,Purchasable,Nook Miles Redemption,Pretty Good Tools Recipes
net,Purchasable,Nook Miles Redemption,Pretty Good Tools Recipes
shovel,Purchasable,Nook Miles Redemption,Pretty Good Tools Recipes
stone axe,Purchasable,Nook Miles Redemption,Pretty Good Tools Recipes
watering can,Purchasable,Nook Miles Redemption,Pretty Good Tools Recipes
golden axe,Golden Tools,Break 100 axes,
golden net,Golden Tools,Catch all bugs,
golden rod,Golden Tools,Catch all fish,
golden slingshot,Golden Tools,Pop 300 balloons,
golden shovel,Golden Tools,Help Gulliver 30 times,
golden watering can,Golden Tools,Raise island to 5 stars,
flimsy axe,Other,Tom Nook,
flimsy fishing rod,Other,Tom Nook,
flimsy net,Other,Tom Nook,
flimsy watering can,Other,Tom Nook,
ladder,Other,Tom Nook,
wooden wardrobe,Other,Tom Nook,
campfire,Other,Tom Nook,
flimsy shovel,Other,Blathers,
vaulting pole,Other,Blathers,
Aquarius urn,Other,Celeste,Jan 20 – Feb 18
Aries rocking chair,Other,Celeste,Mar 21 – Apr 19
asteroid,Other,Celeste,
astronaut suit,Other,Celeste,
Cancer table,Other,Celeste,Jun 22 – Jul 22
Capricorn ornament,Other,Celeste,Dec 22 – Jan 19
cosmos wand,Other,Celeste,
crescent-moon chair,Other,Celeste,
crewed spaceship,Other,Celeste,
flying saucer,Other,Celeste,
galaxy flooring,Other,Celeste,
Gemini closet,Other,Celeste,May 21 – Jun 21
golden wand,Other,Celeste,
hyacinth wand,Other,Celeste,
iron wand,Other,Celeste,
Leo sculpture,Other,Celeste,Jul 23 – Aug 22
Libra scale,Other,Celeste,Sep 23 – Oct 23
lily wand,Other,Celeste,
lunar lander,Other,Celeste,
lunar rover,Other,Celeste,
lunar surface,Other,Celeste,
moon,Other,Celeste,
mums wand,Other,Celeste,
nova light,Other,Celeste,
pansy wand,Other,Celeste,
Pisces lamp,Other,Celeste,Feb 19 – Mar 20
rocket,Other,Celeste,
rose wand,Other,Celeste,
Sagittarius arrow,Other,Celeste,Nov 23 – Dec 21
satellite,Other,Celeste,
sci-fi flooring,Other,Celeste,
sci-fi wall,Other,Celeste,
Scorpio lamp,Other,Celeste,Oct 24 – Nov 22
space shuttle,Other,Celeste,
star clock,Other,Celeste,
star head,Other,Celeste,
star pochette,Other,Celeste,
star wand,Other,Celeste,
starry garland,Other,Celeste,
starry wall,Other,Celeste,
starry-sky wall,Other,Celeste,
Taurus bathtub,Other,Celeste,Apr 20 – May 20
tree-branch wand,Other,Celeste,
tulip wand,Other,Celeste,
Virgo harp,Other,Celeste,Aug 23 – Sep 22
wand,Other,Celeste,
windflower wand,Other,Celeste,
mermaid bed,Other,Pascal,
mermaid chair,Other,Pascal,
mermaid closet,Other,Pascal,
mermaid dresser,Other,Pascal,
mermaid fence,Other,Pascal,
mermaid flooring,Other,Pascal,
mermaid lamp,Other,Pascal,
mermaid rug,Other,Pascal,
mermaid screen,Other,Pascal,
mermaid shelf,Other,Pascal,
mermaid sofa,Other,Pascal,
mermaid table,Other,Pascal,
mermaid vanity,Other,Pascal,
mermaid wall clock,Other,Pascal,
mermaid wall,Other,Pascal,
garbage-heap flooring,Other,Catch garbage,15 trash
garbage-heap wall,Other,Catch garbage,15 trash
recycled boots,Other,Catch garbage,1 boot
recycled-can thumb piano,Other,Catch garbage,3 empty cans
succulent plant,Other,Catch garbage,1 empty can
tire stack,Other,Catch garbage,3 old tires
tire toy,Other,Catch garbage,1 old tire
trash bags,Other,Catch garbage,15 trash
fish bait,Other,Dig up clams,
King Tut mask,Other,Get gold nuggets from rocks,
frozen arch,Other,Snowboys,
frozen bed,Other,Snowboys,
frozen chair,Other,Snowboys,
frozen counter,Other,Snowboys,
frozen partition,Other,Snowboys,
frozen pillar,Other,Snowboys,
frozen sculpture,Other,Snowboys,
frozen table,Other,Snowboys,
frozen tree,Other,Snowboys,
frozen-treat set,Other,Snowboys,
ice flooring,Other,Snowboys,
ice wall,Other,Snowboys,
ice wand,Other,Snowboys,
snowperson head,Other,Snowboys,
three-tiered snowperson,Other,Snowboys,
